Workbook

Sheet Resumo por loja
A1: Resumo do pedido por loja
A2: Só entram os itens marcados "Sim" na aba Itens. Frete em azul: valor calculado na loja; em branco: a cotar.
A4: Loja | B4: Itens no pedido | C4: Produtos Pix/boleto | D4: Produtos cartão | E4: Frete | F4: Modalidade | G4: Prazo | H4: Total Pix/boleto | I4: Total cartão | J4: Como o frete foi obtido
A5: Usinainfo | B5: =COUNTIFS(Itens!$M$5:$M$31,A5,Itens!$G$5:$G$31,"Sim") -> 9 | C5: =SUMIFS(Itens!$K$5:$K$31,Itens!$M$5:$M$31,A5,Itens!$G$5:$G$31,"Sim") -> 158.68 | D5: =SUMIFS(Itens!$L$5:$L$31,Itens!$M$5:$M$31,A5,Itens!$G$5:$G$31,"Sim") -> 167 | E5: 12.54 | F5: JT Express | G5: 4 a 7 dias úteis | H5: =IF(B5=0,0,C5+E5) -> 171.22 | I5: =IF(B5=0,0,D5+E5) -> 179.54 | J5: Carrinho real com CEP 05508-010 em 14/10. Outras opções: PAC R$ 24,65 (6 a 7 dias); SEDEX R$ 51,22 (2 a 3 dias). Com os itens opcionais no pedido, o JT Express vai a R$ 13,27
A6: Amazon | B6: =COUNTIFS(Itens!$M$5:$M$31,A6,Itens!$G$5:$G$31,"Sim") -> 3 | C6: =SUMIFS(Itens!$K$5:$K$31,Itens!$M$5:$M$31,A6,Itens!$G$5:$G$31,"Sim") -> 178.56 | D6: =SUMIFS(Itens!$L$5:$L$31,Itens!$M$5:$M$31,A6,Itens!$G$5:$G$31,"Sim") -> 178.56 | E6: 0 | F6: Entrega grátis | G6: 15/10 a 04/11 | H6: =IF(B6=0,0,C6+E6) -> 178.56 | I6: =IF(B6=0,0,D6+E6) -> 178.56 | J6: A página de cada produto mostra entrega grátis. Os itens da Amazon Global chegam de 28/10 a 04/11. Confirmar no carrinho
A7: Magazine Luiza | B7: =COUNTIFS(Itens!$M$5:$M$31,A7,Itens!$G$5:$G$31,"Sim") -> 2 | C7: =SUMIFS(Itens!$K$5:$K$31,Itens!$M$5:$M$31,A7,Itens!$G$5:$G$31,"Sim") -> 98.67 | D7: =SUMIFS(Itens!$L$5:$L$31,Itens!$M$5:$M$31,A7,Itens!$G$5:$G$31,"Sim") -> 109.73 | E7: 12.9 | F7: Normal | G7: 1 dia útil | H7: =IF(B7=0,0,C7+E7) -> 111.57 | I7: =IF(B7=0,0,D7+E7) -> 122.63 | J7: Estimativa da página para a região de Osasco/SP, sem o CEP exato. Receptor com frete grátis; base de indução R$ 12,90 ou retirada grátis na loja
A8: 3D Fila | B8: =COUNTIFS(Itens!$M$5:$M$31,A8,Itens!$G$5:$G$31,"Sim") -> 1 | C8: =SUMIFS(Itens!$K$5:$K$31,Itens!$M$5:$M$31,A8,Itens!$G$5:$G$31,"Sim") -> 89.9 | D8: =SUMIFS(Itens!$L$5:$L$31,Itens!$M$5:$M$31,A8,Itens!$G$5:$G$31,"Sim") -> 97.09 | F8: A cotar | G8: - | H8: =IF(B8=0,0,C8+E8) -> 89.9 | I8: =IF(B8=0,0,D8+E8) -> 97.09 | J8: Frete grátis acima de R$ 200 em regiões selecionadas. Não calculado
A9: Ímã de Neodímio | B9: =COUNTIFS(Itens!$M$5:$M$31,A9,Itens!$G$5:$G$31,"Sim") -> 0 | C9: =SUMIFS(Itens!$K$5:$K$31,Itens!$M$5:$M$31,A9,Itens!$G$5:$G$31,"Sim") -> 0 | D9: =SUMIFS(Itens!$L$5:$L$31,Itens!$M$5:$M$31,A9,Itens!$G$5:$G$31,"Sim") -> 0 | F9: A cotar | G9: - | H9: =IF(B9=0,0,C9+E9) -> 0 | I9: =IF(B9=0,0,D9+E9) -> 0 | J9: Só entra se o ímã de reserva for pedido
A10: Extra | B10: =COUNTIFS(Itens!$M$5:$M$31,A10,Itens!$G$5:$G$31,"Sim") -> 0 | C10: =SUMIFS(Itens!$K$5:$K$31,Itens!$M$5:$M$31,A10,Itens!$G$5:$G$31,"Sim") -> 0 | D10: =SUMIFS(Itens!$L$5:$L$31,Itens!$M$5:$M$31,A10,Itens!$G$5:$G$31,"Sim") -> 0 | F10: A cotar | G10: - | H10: =IF(B10=0,0,C10+E10) -> 0 | I10: =IF(B10=0,0,D10+E10) -> 0 | J10: Só entra se a equipe não tiver fita dupla face
A11: Loja do Mecânico | B11: =COUNTIFS(Itens!$M$5:$M$31,A11,Itens!$G$5:$G$31,"Sim") -> 0 | C11: =SUMIFS(Itens!$K$5:$K$31,Itens!$M$5:$M$31,A11,Itens!$G$5:$G$31,"Sim") -> 0 | D11: =SUMIFS(Itens!$L$5:$L$31,Itens!$M$5:$M$31,A11,Itens!$G$5:$G$31,"Sim") -> 0 | F11: A cotar | G11: - | H11: =IF(B11=0,0,C11+E11) -> 0 | I11: =IF(B11=0,0,D11+E11) -> 0 | J11: Só entra se a equipe não tiver borracha
A12: Mercado Livre | B12: =COUNTIFS(Itens!$M$5:$M$31,A12,Itens!$G$5:$G$31,"Sim") -> 0 | C12: =SUMIFS(Itens!$K$5:$K$31,Itens!$M$5:$M$31,A12,Itens!$G$5:$G$31,"Sim") -> 0 | D12: =SUMIFS(Itens!$L$5:$L$31,Itens!$M$5:$M$31,A12,Itens!$G$5:$G$31,"Sim") -> 0 | F12: A cotar | G12: - | H12: =IF(B12=0,0,C12+E12) -> 0 | I12: =IF(B12=0,0,D12+E12) -> 0 | J12: Só entra se o kit de parafusos não tiver M3 longo
A13: Total do pedido | B13: =SUM(B5:B12) -> 15 | C13: =SUM(C5:C12) -> 525.81 | D13: =SUM(D5:D12) -> 552.38 | E13: =SUM(E5:E12) -> 25.44 | H13: =SUM(H5:H12) -> 551.25 | I13: =SUM(I5:I12) -> 577.82
A15: Lojas com frete "a cotar" e com itens no pedido somam ao total quando o frete for preenchido.
A16: =IF(COUNTIFS(B5:B12,">0",E5:E12,"")>0,"Atenção: há loja com itens no pedido e frete ainda a cotar.","Todos os fretes das lojas com itens estão preenchidos.") -> Atenção: há loja com itens no pedido e frete ainda a cotar.

Sheet Itens
A1: Lista de compras do protótipo Tag&Go, com preço e loja de cada item
A2: Preços conferidos em 14/10/2026. Frete calculado para o CEP 05508-010 (Poli-USP). Para tirar ou pôr um item no pedido, troque a coluna "Incluir" para Sim ou Não; os totais das outras abas se atualizam.
A4: Nº | B4: Item (como pedir na cotação) | C4: Função | D4: Parte do produto | E4: Variante | F4: Situação | G4: Incluir | H4: Qtd. | I4: Preço unit. Pix/boleto | J4: Preço unit. cartão | K4: Subtotal Pix/boleto | L4: Subtotal cartão | M4: Loja | N4: Vendedor | O4: Link | P4: Estoque e prazo | Q4: Origem do preço | R4: Observação
A5: 1 | B5: Placa ESP32 DevKit V1 30 pinos, USB-C, CP2102 | C5: Controlar e comunicar | D5: TG-500 Controle e energia | E5: Comum | F5: Pedido | G5: Sim | H5: 1 | I5: 56.81 | J5: 59.8 | K5: =IF(I5="","",H5*I5) -> 56.81 | L5: =IF(J5="","",H5*J5) -> 59.8 | M5: Usinainfo | N5: Usinainfo | O5: https://www.usinainfo.com.br/esp32/esp32-wifi-e-bluetooth-com-usb-c-30-pinos-e-cp2102-9114.html | P5: Disponível; envio no mesmo dia útil se pago até 14h | Q5: Carrinho, 14/10/2026 | R5: Computador da caixa, com Wi-Fi
A6: 2 | B6: Expansor para ESP32 DevKit V1 30 pinos (USB-C e micro USB) | C6: Controlar e comunicar | D6: TG-500 Controle e energia | E6: Comum | F6: Pedido | G6: Sim | H6: 1 | I6: 21.19 | J6: 22.3 | K6: =IF(I6="","",H6*I6) -> 21.19 | L6: =IF(J6="","",H6*J6) -> 22.3 | M6: Usinainfo | N6: Usinainfo | O6: https://www.usinainfo.com.br/expansores-shields/expansor-para-esp32-devkit-v1-30-pinos-usb-c-e-micro-8795.html | P6: Disponível | Q6: Carrinho, 14/10/2026 | R6: Liga tudo por encaixe, sem solda
A7: 3 | B7: Micro servo SG90 9 g, 180° | C7: Liberar | D7: TG-300 Liberação | E7: Comum | F7: Pedido | G7: Sim | H7: 2 | I7: 14.16 | J7: 14.9 | K7: =IF(I7="","",H7*I7) -> 28.32 | L7: =IF(J7="","",H7*J7) -> 29.8 | M7: Usinainfo | N7: Usinainfo | O7: https://www.usinainfo.com.br/servo-motores/micro-servo-motor-9g-sg90-180-16kgfcm-de-posicao-2299.html | P7: Disponível | Q7: Carrinho, 14/10/2026 | R7: Um em uso e um de reserva
A8: 4 | B8: Módulo chave fim de curso | C8: Controlar e comunicar | D8: TG-500 Controle e energia | E8: Comum | F8: Pedido | G8: Sim | H8: 2 | I8: 4.79 | J8: 5.04 | K8: =IF(I8="","",H8*I8) -> 9.58 | L8: =IF(J8="","",H8*J8) -> 10.08 | M8: Usinainfo | N8: Usinainfo | O8: https://www.usinainfo.com.br/sensor-de-vibracao/modulo-chave-fim-curso-sensor-de-impacto-para-projetos-4618.html | P8: Disponível | Q8: Carrinho, 14/10/2026 | R8: Uma sente a garra fechada, outra sente a base de recarga
A9: 5 | B9: Semáforo LED 3,3 V/5 V 8 mm (S3) | C9: Indicar | D9: TG-400 Indicação | E9: Comum | F9: Pedido | G9: Sim | H9: 1 | I9: 7.78 | J9: 8.19 | K9: =IF(I9="","",H9*I9) -> 7.78 | L9: =IF(J9="","",H9*J9) -> 8.19 | M9: Usinainfo | N9: Usinainfo | O9: https://www.usinainfo.com.br/outros-modulos-arduino/semaforo-led-33v5v-8mm-s3-5466.html | P9: Disponível | Q9: Carrinho, 14/10/2026 | R9: Vermelho preso, amarelo em recarga, verde liberado
A10: 6 | B10: Ímã de neodímio N50 10 × 4 mm, kit com 10 | C10: Liberar | D10: TG-300 Liberação | E10: Variante A | F10: Pedido | G10: Sim | H10: 1 | I10: 21.48 | J10: 22.61 | K10: =IF(I10="","",H10*I10) -> 21.48 | L10: =IF(J10="","",H10*J10) -> 22.61 | M10: Usinainfo | N10: Usinainfo | O10: https://www.usinainfo.com.br/imas-de-neodimio-e-acessorios-magneticos/ima-de-neodimio-n50-super-forte-10mm-x-4mm-kit-com-10-unidades-5012.html | P10: Disponível | Q10: Carrinho, 14/10/2026 | R10: Três vão no braço. Os outros servem para o teste de bancada
A11: 7 | B11: Jumper fêmea-fêmea 20 cm, kit com 20 | C11: Controlar e comunicar | D11: TG-500 Controle e energia | E11: Comum | F11: Pedido | G11: Sim | H11: 1 | I11: 5.79 | J11: 6.09 | K11: =IF(I11="","",H11*I11) -> 5.79 | L11: =IF(J11="","",H11*J11) -> 6.09 | M11: Usinainfo | N11: Usinainfo | O11: https://www.usinainfo.com.br/jumper/jumper-premium-para-protoboard-femea-femea-20cm-kit-c-20-pecas-2612.html | P11: Disponível | Q11: Carrinho, 14/10/2026 | R11: São usados 10. Comprado na Usinainfo para juntar o frete
A12: 8 | B12: Jumper macho-fêmea 20 cm, kit com 20 | C12: Controlar e comunicar | D12: TG-500 Controle e energia | E12: Comum | F12: Pedido | G12: Sim | H12: 1 | I12: 5.79 | J12: 6.09 | K12: =IF(I12="","",H12*I12) -> 5.79 | L12: =IF(J12="","",H12*J12) -> 6.09 | M12: Usinainfo | N12: Usinainfo | O12: https://www.usinainfo.com.br/jumper/jumper-premium-para-protoboard-macho-femea-20cm-kit-c-20-pecas-2314.html | P12: Disponível | Q12: Carrinho, 14/10/2026 | R12: Três ligam o plugue do servo
A13: 9 | B13: Capacitor eletrolítico 1000 µF 16 V | C13: Energia e recarga | D13: TG-500 Controle e energia | E13: Comum | F13: Pedido | G13: Sim | H13: 1 | I13: 1.94 | J13: 2.04 | K13: =IF(I13="","",H13*I13) -> 1.94 | L13: =IF(J13="","",H13*J13) -> 2.04 | M13: Usinainfo | N13: Usinainfo | O13: https://www.usinainfo.com.br/capacitor-eletrolitico/capacitor-eletrolitico-1000uf-16v-3052.html | P13: Disponível | Q13: Carrinho, 14/10/2026 | R13: Evita que o ESP32 reinicie quando o servo parte
A14: 10 | B14: Etiqueta rígida antifurto com pino, pacote com 20 | C14: Reter | D14: TG-200 Retenção | E14: Variante A | F14: Pedido | G14: Sim | H14: 1 | I14: 64.84 | J14: 64.84 | K14: =IF(I14="","",H14*I14) -> 64.84 | L14: =IF(J14="","",H14*J14) -> 64.84 | M14: Amazon | N14: Amazon Global (importado) | O14: https://www.amazon.com.br/dp/B0GP6ZF16R | P14: Somente 1 em estoque; entrega 28/10 a 04/11 | Q14: Página do produto, 14/10/2026 | R14: Doadora da embreagem e do pino. Conferir que é magnética comum, não superlock
A15: 11 | B15: Power bank Basike 10.000 mAh 22,5 W, com visor e cabos embutidos | C15: Energia e recarga | D15: TG-500 Controle e energia | E15: Comum | F15: Pedido | G15: Sim | H15: 1 | I15: 95 | J15: 95 | K15: =IF(I15="","",H15*I15) -> 95 | L15: =IF(J15="","",H15*J15) -> 95 | M15: Amazon | N15: ALL.MIX | O15: https://www.amazon.com.br/dp/B0DHVLRFGD | P15: Em estoque; entrega grátis | Q15: Página do produto, 14/10/2026 | R15: Testar antes se carrega e alimenta ao mesmo tempo
A16: 12 | B16: Kit de parafusos inox M2 a M5 com porcas e arruelas, 120 peças | C16: Estrutura e montagem | D16: TG-100 Estrutura e fechamento | E16: Comum | F16: Pedido | G16: Sim | H16: 1 | I16: 18.72 | J16: 18.72 | K16: =IF(I16="","",H16*I16) -> 18.72 | L16: =IF(J16="","",H16*J16) -> 18.72 | M16: Amazon | N16: Amazon Global (importado) | O16: https://www.amazon.com.br/dp/B0GS5M3LC5 | P16: Em estoque; entrega 28/10 a 04/11 | Q16: Página do produto, 14/10/2026 | R16: Tampa, módulo da trava e braço
... A30: 26 | B30: Papel adesivo A4 fosco 108 g, 20 folhas | C30: Identificar | D30: TG-100 Estrutura e fechamento (código 2D) | E30: Comum | F30: Se não tiver | G30: Não | H30: 1 | I30: 8.19 | J30: 8.19 | K30: =IF(I30="","",H30*I30) -> 8.19 | L30: =IF(J30="","",H30*J30) -> 8.19 | M30: Magazine Luiza | N30: Não conferido | O30: https://www.google.com/search?tbm=shop&q=papel+adesivo+A4+fosco+Masterprint | P30: Não conferido | Q30: Trecho de busca, conferir | R30: Para imprimir o QR da caixa
A31: 27 | B31: Parafuso M3 × 40 mm (ou 50 mm) com porca, pacote | C31: Prender na roupa | D31: TG-200 Retenção | E31: Comum | F31: Se não tiver | G31: Não | H31: 1 | K31: =IF(I31="","",H31*I31) | L31: =IF(J31="","",H31*J31) | M31: Mercado Livre | N31: Não conferido | O31: https://lista.mercadolivre.com.br/parafuso-m3-x-40mm | P31: Não conferido | Q31: Preço não encontrado | R31: Eixo da dobradiça da garra. Conferir se o kit de parafusos já traz
B33: Total dos itens marcados "Sim" | K33: =SUMIFS(K5:K31,G5:G31,"Sim") -> 525.81 | L33: =SUMIFS(L5:L31,G5:G31,"Sim") -> 552.38
B34: Legenda: texto azul = valor digitado (pode mudar). Fundo amarelo = escolha da equipe ou preço que precisa ser conferido.

Sheet Por função
A1: Compras agrupadas pela função no produto
A2: Cada linha puxa da aba Itens. O subtotal de cada grupo soma só os itens marcados "Sim".
A4: Grupo | B4: Item | C4: Situação | D4: Incluir | E4: Qtd. | F4: Subtotal Pix/boleto | G4: Subtotal cartão | H4: Loja | I4: Link
A5: Prender na roupa | B5: Subtotal do grupo | F5: =SUMIFS(Itens!$K$5:$K$31,Itens!$C$5:$C$31,A5,Itens!$G$5:$G$31,"Sim") -> 0 | G5: =SUMIFS(Itens!$L$5:$L$31,Itens!$C$5:$C$31,A5,Itens!$G$5:$G$31,"Sim") -> 0
B6: =Itens!B29 -> Fita antiderrapante preta 25 mm × 5 m (Tesa) | C6: =Itens!F29 -> Se não tiver | D6: =Itens!G29 -> Não | E6: =Itens!H29 -> 1 | F6: =Itens!K29 -> 25.9 | G6: =Itens!L29 -> 25.9 | H6: =Itens!M29 -> Loja do Mecânico | I6: https://www.google.com/search?tbm=shop&q=fita+antiderrapante+tesa+25mm+5m
B7: =Itens!B31 -> Parafuso M3 × 40 mm (ou 50 mm) com porca, pacote | C7: =Itens!F31 -> Se não tiver | D7: =Itens!G31 -> Não | E7: =Itens!H31 -> 1 | F7: =Itens!K31 | G7: =Itens!L31 | H7: =Itens!M31 -> Mercado Livre | I7: https://lista.mercadolivre.com.br/parafuso-m3-x-40mm
A9: Reter | B9: Subtotal do grupo | F9: =SUMIFS(Itens!$K$5:$K$31,Itens!$C$5:$C$31,A9,Itens!$G$5:$G$31,"Sim") -> 64.84 | G9: =SUMIFS(Itens!$L$5:$L$31,Itens!$C$5:$C$31,A9,Itens!$G$5:$G$31,"Sim") -> 64.84
B10: =Itens!B14 -> Etiqueta rígida antifurto com pino, pacote com 20 | C10: =Itens!F14 -> Pedido | D10: =Itens!G14 -> Sim | E10: =Itens!H14 -> 1 | F10: =Itens!K14 -> 64.84 | G10: =Itens!L14 -> 64.84 | H10: =Itens!M14 -> Amazon | I10: https://www.amazon.com.br/dp/B0GP6ZF16R
B11: =Itens!B24 -> Fechadura elétrica solenoide FEC-91 12 V NF | C11: =Itens!F24 -> Alternativa | D11: =Itens!G24 -> Não | E11: =Itens!H24 -> 1 | F11: =Itens!K24 -> 34.58 | G11: =Itens!L24 -> 36.4 | H11: =Itens!M24 -> Usinainfo | I11: https://www.usinainfo.com.br/mini-fechadura-eletrica-solenoide/fechadura-eletrica-solenoide-12v-nf-compacta-fec-91-lingueta-superior-8073.html
A13: Liberar | B13: Subtotal do grupo | F13: =SUMIFS(Itens!$K$5:$K$31,Itens!$C$5:$C$31,A13,Itens!$G$5:$G$31,"Sim") -> 49.8 | G13: =SUMIFS(Itens!$L$5:$L$31,Itens!$C$5:$C$31,A13,Itens!$G$5:$G$31,"Sim") -> 52.41
B14: =Itens!B7 -> Micro servo SG90 9 g, 180° | C14: =Itens!F7 -> Pedido | D14: =Itens!G7 -> Sim | E14: =Itens!H7 -> 2 | F14: =Itens!K7 -> 28.32 | G14: =Itens!L7 -> 29.8 | H14: =Itens!M7 -> Usinainfo | I14: https://www.usinainfo.com.br/servo-motores/micro-servo-motor-9g-sg90-180-16kgfcm-de-posicao-2299.html
B15: =Itens!B10 -> Ímã de neodímio N50 10 × 4 mm, kit com 10 | C15: =Itens!F10 -> Pedido | D15: =Itens!G10 -> Sim | E15: =Itens!H10 -> 1 | F15: =Itens!K10 -> 21.48 | G15: =Itens!L10 -> 22.61 | H15: =Itens!M10 -> Usinainfo | I15: https://www.usinainfo.com.br/imas-de-neodimio-e-acessorios-magneticos/ima-de-neodimio-n50-super-forte-10mm-x-4mm-kit-com-10-unidades-5012.html
B16: =Itens!B21 -> Kit de molas de compressão e extensão, 200 peças | C16: =Itens!F21 -> Variante B | D16: =Itens!G21 -> Não | E16: =Itens!H21 -> 1 | F16: =Itens!K21 -> 44.49 | G16: =Itens!L21 -> 46.83 | H16: =Itens!M21 -> Usinainfo | I16: https://www.usinainfo.com.br/robotica-educacional/kit-de-molas-para-robotica-200-pecas-mola-de-compressao-e-extensao-para-projetos-diy-5160.html
B17: =Itens!B22 -> Micro servo MG90S 9 g, engrenagens metálicas | C17: =Itens!F22 -> Reserva | D17: =Itens!G22 -> Não | E17: =Itens!H22 -> 1 | F17: =Itens!K22 -> 34.87 | G17: =Itens!L22 -> 36.7 | H17: =Itens!M22 -> Usinainfo | I17: https://www.usinainfo.com.br/servo-motores/micro-servo-9g-tower-pro-mg90s-180-22kgfcm-de-posicao-com-engrenagens-metalicas-3628.html
B18: =Itens!B23 -> Ímã de neodímio N42 disco 20 × 10 mm | C18: =Itens!F23 -> Reserva | D18: =Itens!G23 -> Não | E18: =Itens!H23 -> 1 | F18: =Itens!K23 -> 24.87 | G18: =Itens!L23 -> 24.87 | H18: =Itens!M23 -> Ímã de Neodímio | I18: https://www.imadeneodimio.com/ima-de-neodimio-disco-20mm-x-10mm-n42
B19: =Itens!B25 -> Módulo relé 3,3 V 10 A, 1 canal, com optoacoplador | C19: =Itens!F25 -> Alternativa | D19: =Itens!G25 -> Não | E19: =Itens!H25 -> 1 | F19: =Itens!K25 -> 13.59 | G19: =Itens!L25 -> 14.3 | H19: =Itens!M25 -> Usinainfo | I19: https://www.usinainfo.com.br/rele-arduino/modulo-rele-3v-10a-1-canal-com-optoacoplador-para-esp32-5997.html
A21: Identificar | B21: Subtotal do grupo | F21: =SUMIFS(Itens!$K$5:$K$31,Itens!$C$5:$C$31,A21,Itens!$G$5:$G$31,"Sim") -> 0 | G21: =SUMIFS(Itens!$L$5:$L$31,Itens!$C$5:$C$31,A21,Itens!$G$5:$G$31,"Sim") -> 0
B22: =Itens!B20 -> Etiqueta NFC NTAG215 regravável, kit com 10 | C22: =Itens!F20 -> Opcional | D22: =Itens!G20 -> Não | E22: =Itens!H20 -> 1 | F22: =Itens!K20 -> 23.9 | G22: =Itens!L20 -> 23.9 | H22: =Itens!M20 -> Amazon | I22: https://www.amazon.com.br/dp/B0CKTK9HSJ
B23: =Itens!B30 -> Papel adesivo A4 fosco 108 g, 20 folhas | C23: =Itens!F30 -> Se não tiver | D23: =Itens!G30 -> Não | E23: =Itens!H30 -> 1 | F23: =Itens!K30 -> 8.19 | G23: =Itens!L30 -> 8.19 | H23: =Itens!M30 -> Magazine Luiza | I23: https://www.google.com/search?tbm=shop&q=papel+adesivo+A4+fosco+Masterprint
A25: Indicar | B25: Subtotal do grupo | F25: =SUMIFS(Itens!$K$5:$K$31,Itens!$C$5:$C$31,A25,Itens!$G$5:$G$31,"Sim") -> 7.78 | G25: =SUMIFS(Itens!$L$5:$L$31,Itens!$C$5:$C$31,A25,Itens!$G$5:$G$31,"Sim") -> 8.19
B26: =Itens!B9 -> Semáforo LED 3,3 V/5 V 8 mm (S3) | C26: =Itens!F9 -> Pedido | D26: =Itens!G9 -> Sim | E26: =Itens!H9 -> 1 | F26: =Itens!K9 -> 7.78 | G26: =Itens!L9 -> 8.19 | H26: =Itens!M9 -> Usinainfo | I26: https://www.usinainfo.com.br/outros-modulos-arduino/semaforo-led-33v5v-8mm-s3-5466.html
A28: Controlar e comunicar | B28: Subtotal do grupo | F28: =SUMIFS(Itens!$K$5:$K$31,Itens!$C$5:$C$31,A28,Itens!$G$5:$G$31,"Sim") -> 99.16 | G28: =SUMIFS(Itens!$L$5:$L$31,Itens!$C$5:$C$31,A28,Itens!$G$5:$G$31,"Sim") -> 104.36
B29: =Itens!B5 -> Placa ESP32 DevKit V1 30 pinos, USB-C, CP2102 | C29: =Itens!F5 -> Pedido | D29: =Itens!G5 -> Sim | E29: =Itens!H5 -> 1 | F29: =Itens!K5 -> 56.81 | G29: =Itens!L5 -> 59.8 | H29: =Itens!M5 -> Usinainfo | I29: https://www.usinainfo.com.br/esp32/esp32-wifi-e-bluetooth-com-usb-c-30-pinos-e-cp2102-9114.html
B30: =Itens!B6 -> Expansor para ESP32 DevKit V1 30 pinos (USB-C e micro USB) | C30: =Itens!F6 -> Pedido | D30: =Itens!G6 -> Sim | E30: =Itens!H6 -> 1 | F30: =Itens!K6 -> 21.19 | G30: =Itens!L6 -> 22.3 | H30: =Itens!M6 -> Usinainfo | I30: https://www.usinainfo.com.br/expansores-shields/expansor-para-esp32-devkit-v1-30-pinos-usb-c-e-micro-8795.html
B31: =Itens!B8 -> Módulo chave fim de curso | C31: =Itens!F8 -> Pedido | D31: =Itens!G8 -> Sim | E31: =Itens!H8 -> 2 | F31: =Itens!K8 -> 9.58 | G31: =Itens!L8 -> 10.08 | H31: =Itens!M8 -> Usinainfo | I31: https://www.usinainfo.com.br/sensor-de-vibracao/modulo-chave-fim-curso-sensor-de-impacto-para-projetos-4618.html
B32: =Itens!B11 -> Jumper fêmea-fêmea 20 cm, kit com 20 | C32: =Itens!F11 -> Pedido | D32: =Itens!G11 -> Sim | E32: =Itens!H11 -> 1 | F32: =Itens!K11 -> 5.79 | G32: =Itens!L11 -> 6.09 | H32: =Itens!M11 -> Usinainfo | I32: https://www.usinainfo.com.br/jumper/jumper-premium-para-protoboard-femea-femea-20cm-kit-c-20-pecas-2612.html
B33: =Itens!B12 -> Jumper macho-fêmea 20 cm, kit com 20 | C33: =Itens!F12 -> Pedido | D33: =Itens!G12 -> Sim | E33: =Itens!H12 -> 1 | F33: =Itens!K12 -> 5.79 | G33: =Itens!L12 -> 6.09 | H33: =Itens!M12 -> Usinainfo | I33: https://www.usinainfo.com.br/jumper/jumper-premium-para-protoboard-macho-femea-20cm-kit-c-20-pecas-2314.html
A35: Energia e recarga | B35: Subtotal do grupo | F35: =SUMIFS(Itens!$K$5:$K$31,Itens!$C$5:$C$31,A35,Itens!$G$5:$G$31,"Sim") -> 195.61 | G35: =SUMIFS(Itens!$L$5:$L$31,Itens!$C$5:$C$31,A35,Itens!$G$5:$G$31,"Sim") -> 206.77
B36: =Itens!B13 -> Capacitor eletrolítico 1000 µF 16 V | C36: =Itens!F13 -> Pedido | D36: =Itens!G13 -> Sim | E36: =Itens!H13 -> 1 | F36: =Itens!K13 -> 1.94 | G36: =Itens!L13 -> 2.04 | H36: =Itens!M13 -> Usinainfo | I36: https://www.usinainfo.com.br/capacitor-eletrolitico/capacitor-eletrolitico-1000uf-16v-3052.html
B37: =Itens!B15 -> Power bank Basike 10.000 mAh 22,5 W, com visor e cabos embutidos | C37: =Itens!F15 -> Pedido | D37: =Itens!G15 -> Sim | E37: =Itens!H15 -> 1 | F37: =Itens!K15 -> 95 | G37: =Itens!L15 -> 95 | H37: =Itens!M15 -> Amazon | I37: https://www.amazon.com.br/dp/B0DHVLRFGD
B38: =Itens!B17 -> Receptor de carga sem fio Qi universal, USB-C | C38: =Itens!F17 -> Pedido | D38: =Itens!G17 -> Sim | E38: =Itens!H17 -> 1 | F38: =Itens!K17 -> 67.93 | G38: =Itens!L17 -> 78.99 | H38: =Itens!M17 -> Magazine Luiza | I38: https://www.magazineluiza.com.br/adaptador-sem-fio-wireless-qi-inducao-receptor-universal-tipo-c-brasil-home/p/gkj66889f8/in/usba/
B39: =Itens!B18 -> Carregador por indução 15 W Lelong LE-520, com cabo USB-C | C39: =Itens!F18 -> Pedido | D39: =Itens!G18 -> Sim | E39: =Itens!H18 -> 1 | F39: =Itens!K18 -> 30.74 | G39: =Itens!L18 -> 30.74 | H39: =Itens!M18 -> Magazine Luiza | I39: https://www.magazineluiza.com.br/carregador-por-inducao-15w-sem-fio-usb-acompanha-cabo-usb-c-le520-lelong/p/ke9dh49dk3/te/accp/
B40: =Itens!B26 -> Regulador step-up MT3608 (2,5 V a 28 V, 2 A) | C40: =Itens!F26 -> Alternativa | D40: =Itens!G26 -> Não | E40: =Itens!H26 -> 1 | F40: =Itens!K26 -> 7.55 | G40: =Itens!L26 -> 7.95 | H40: =Itens!M26 -> Usinainfo | I40: https://www.usinainfo.com.br/regulador-de-tensao/regulador-de-tensao-ajustavel-mt3608-step-up-saida-25v-a-28vdc-2a-4489.html
A42: Estrutura e montagem | B42: Subtotal do grupo | F42: =SUMIFS(Itens!$K$5:$K$31,Itens!$C$5:$C$31,A42,Itens!$G$5:$G$31,"Sim") -> 108.62 | G42: =SUMIFS(Itens!$L$5:$L$31,Itens!$C$5:$C$31,A42,Itens!$G$5:$G$31,"Sim") -> 115.81
B43: =Itens!B16 -> Kit de parafusos inox M2 a M5 com porcas e arruelas, 120 peças | C43: =Itens!F16 -> Pedido | D43: =Itens!G16 -> Sim | E43: =Itens!H16 -> 1 | F43: =Itens!K16 -> 18.72 | G43: =Itens!L16 -> 18.72 | H43: =Itens!M16 -> Amazon | I43: https://www.amazon.com.br/dp/B0GS5M3LC5
B44: =Itens!B19 -> Filamento PLA preto 1,75 mm, 1 kg | C44: =Itens!F19 -> Pedido | D44: =Itens!G19 -> Sim | E44: =Itens!H19 -> 1 | F44: =Itens!K19 -> 89.9 | G44: =Itens!L19 -> 97.09 | H44: =Itens!M19 -> 3D Fila | I44: https://3dfila.com.br/produto/filamento-pla-preto/
B45: =Itens!B27 -> Fita dupla face de espuma 3M VHB transparente, 19 mm × 5 m | C45: =Itens!F27 -> Se não tiver | D45: =Itens!G27 -> Não | E45: =Itens!H27 -> 1 | F45: =Itens!K27 -> 37.57 | G45: =Itens!L27 -> 37.57 | H45: =Itens!M27 -> Extra | I45: https://www.extra.com.br/p/1569921696
B46: =Itens!B28 -> Cola instantânea em gel (Super Bonder Power Flex Gel 2 g) | C46: =Itens!F28 -> Se não tiver | D46: =Itens!G28 -> Não | E46: =Itens!H28 -> 1 | F46: =Itens!K28 -> 8.69 | G46: =Itens!L28 -> 8.69 | H46: =Itens!M28 -> Magazine Luiza | I46: https://www.google.com/search?tbm=shop&q=Super+Bonder+Power+Flex+Gel+2g
B48: Total dos itens marcados "Sim" | F48: =SUMIFS(Itens!$K$5:$K$31,Itens!$G$5:$G$31,"Sim") -> 525.81 | G48: =SUMIFS(Itens!$L$5:$L$31,Itens!$G$5:$G$31,"Sim") -> 552.38

Sheet Por parte
A1: Compras agrupadas pela parte do produto (estrutura do Relatório 3)
A2: Cada linha puxa da aba Itens. O subtotal de cada grupo soma só os itens marcados "Sim".
A4: Grupo | B4: Item | C4: Situação | D4: Incluir | E4: Qtd. | F4: Subtotal Pix/boleto | G4: Subtotal cartão | H4: Loja | I4: Link
A5: TG-100 Estrutura e fechamento | B5: Subtotal do grupo | F5: =SUMIFS(Itens!$K$5:$K$31,Itens!$D$5:$D$31,A5,Itens!$G$5:$G$31,"Sim") -> 18.72 | G5: =SUMIFS(Itens!$L$5:$L$31,Itens!$D$5:$D$31,A5,Itens!$G$5:$G$31,"Sim") -> 18.72
B6: =Itens!B16 -> Kit de parafusos inox M2 a M5 com porcas e arruelas, 120 peças | C6: =Itens!F16 -> Pedido | D6: =Itens!G16 -> Sim | E6: =Itens!H16 -> 1 | F6: =Itens!K16 -> 18.72 | G6: =Itens!L16 -> 18.72 | H6: =Itens!M16 -> Amazon | I6: https://www.amazon.com.br/dp/B0GS5M3LC5
B7: =Itens!B27 -> Fita dupla face de espuma 3M VHB transparente, 19 mm × 5 m | C7: =Itens!F27 -> Se não tiver | D7: =Itens!G27 -> Não | E7: =Itens!H27 -> 1 | F7: =Itens!K27 -> 37.57 | G7: =Itens!L27 -> 37.57 | H7: =Itens!M27 -> Extra | I7: https://www.extra.com.br/p/1569921696
B8: =Itens!B28 -> Cola instantânea em gel (Super Bonder Power Flex Gel 2 g) | C8: =Itens!F28 -> Se não tiver | D8: =Itens!G28 -> Não | E8: =Itens!H28 -> 1 | F8: =Itens!K28 -> 8.69 | G8: =Itens!L28 -> 8.69 | H8: =Itens!M28 -> Magazine Luiza | I8: https://www.google.com/search?tbm=shop&q=Super+Bonder+Power+Flex+Gel+2g
A10: TG-100 Estrutura e fechamento (código 2D) | B10: Subtotal do grupo | F10: =SUMIFS(Itens!$K$5:$K$31,Itens!$D$5:$D$31,A10,Itens!$G$5:$G$31,"Sim") -> 0 | G10: =SUMIFS(Itens!$L$5:$L$31,Itens!$D$5:$D$31,A10,Itens!$G$5:$G$31,"Sim") -> 0
B11: =Itens!B30 -> Papel adesivo A4 fosco 108 g, 20 folhas | C11: =Itens!F30 -> Se não tiver | D11: =Itens!G30 -> Não | E11: =Itens!H30 -> 1 | F11: =Itens!K30 -> 8.19 | G11: =Itens!L30 -> 8.19 | H11: =Itens!M30 -> Magazine Luiza | I11: https://www.google.com/search?tbm=shop&q=papel+adesivo+A4+fosco+Masterprint
A13: TG-200 Retenção | B13: Subtotal do grupo | F13: =SUMIFS(Itens!$K$5:$K$31,Itens!$D$5:$D$31,A13,Itens!$G$5:$G$31,"Sim") -> 64.84 | G13: =SUMIFS(Itens!$L$5:$L$31,Itens!$D$5:$D$31,A13,Itens!$G$5:$G$31,"Sim") -> 64.84
B14: =Itens!B14 -> Etiqueta rígida antifurto com pino, pacote com 20 | C14: =Itens!F14 -> Pedido | D14: =Itens!G14 -> Sim | E14: =Itens!H14 -> 1 | F14: =Itens!K14 -> 64.84 | G14: =Itens!L14 -> 64.84 | H14: =Itens!M14 -> Amazon | I14: https://www.amazon.com.br/dp/B0GP6ZF16R
B15: =Itens!B24 -> Fechadura elétrica solenoide FEC-91 12 V NF | C15: =Itens!F24 -> Alternativa | D15: =Itens!G24 -> Não | E15: =Itens!H24 -> 1 | F15: =Itens!K24 -> 34.58 | G15: =Itens!L24 -> 36.4 | H15: =Itens!M24 -> Usinainfo | I15: https://www.usinainfo.com.br/mini-fechadura-eletrica-solenoide/fechadura-eletrica-solenoide-12v-nf-compacta-fec-91-lingueta-superior-8073.html
B16: =Itens!B29 -> Fita antiderrapante preta 25 mm × 5 m (Tesa) | C16: =Itens!F29 -> Se não tiver | D16: =Itens!G29 -> Não | E16: =Itens!H29 -> 1 | F16: =Itens!K29 -> 25.9 | G16: =Itens!L29 -> 25.9 | H16: =Itens!M29 -> Loja do Mecânico | I16: https://www.google.com/search?tbm=shop&q=fita+antiderrapante+tesa+25mm+5m
B17: =Itens!B31 -> Parafuso M3 × 40 mm (ou 50 mm) com porca, pacote | C17: =Itens!F31 -> Se não tiver | D17: =Itens!G31 -> Não | E17: =Itens!H31 -> 1 | F17: =Itens!K31 | G17: =Itens!L31 | H17: =Itens!M31 -> Mercado Livre | I17: https://lista.mercadolivre.com.br/parafuso-m3-x-40mm
A19: TG-300 Liberação | B19: Subtotal do grupo | F19: =SUMIFS(Itens!$K$5:$K$31,Itens!$D$5:$D$31,A19,Itens!$G$5:$G$31,"Sim") -> 49.8 | G19: =SUMIFS(Itens!$L$5:$L$31,Itens!$D$5:$D$31,A19,Itens!$G$5:$G$31,"Sim") -> 52.41
B20: =Itens!B7 -> Micro servo SG90 9 g, 180° | C20: =Itens!F7 -> Pedido | D20: =Itens!G7 -> Sim | E20: =Itens!H7 -> 2 | F20: =Itens!K7 -> 28.32 | G20: =Itens!L7 -> 29.8 | H20: =Itens!M7 -> Usinainfo | I20: https://www.usinainfo.com.br/servo-motores/micro-servo-motor-9g-sg90-180-16kgfcm-de-posicao-2299.html
B21: =Itens!B10 -> Ímã de neodímio N50 10 × 4 mm, kit com 10 | C21: =Itens!F10 -> Pedido | D21: =Itens!G10 -> Sim | E21: =Itens!H10 -> 1 | F21: =Itens!K10 -> 21.48 | G21: =Itens!L10 -> 22.61 | H21: =Itens!M10 -> Usinainfo | I21: https://www.usinainfo.com.br/imas-de-neodimio-e-acessorios-magneticos/ima-de-neodimio-n50-super-forte-10mm-x-4mm-kit-com-10-unidades-5012.html
B22: =Itens!B21 -> Kit de molas de compressão e extensão, 200 peças | C22: =Itens!F21 -> Variante B | D22: =Itens!G21 -> Não | E22: =Itens!H21 -> 1 | F22: =Itens!K21 -> 44.49 | G22: =Itens!L21 -> 46.83 | H22: =Itens!M21 -> Usinainfo | I22: https://www.usinainfo.com.br/robotica-educacional/kit-de-molas-para-robotica-200-pecas-mola-de-compressao-e-extensao-para-projetos-diy-5160.html
B23: =Itens!B22 -> Micro servo MG90S 9 g, engrenagens metálicas | C23: =Itens!F22 -> Reserva | D23: =Itens!G22 -> Não | E23: =Itens!H22 -> 1 | F23: =Itens!K22 -> 34.87 | G23: =Itens!L22 -> 36.7 | H23: =Itens!M22 -> Usinainfo | I23: https://www.usinainfo.com.br/servo-motores/micro-servo-9g-tower-pro-mg90s-180-22kgfcm-de-posicao-com-engrenagens-metalicas-3628.html
B24: =Itens!B23 -> Ímã de neodímio N42 disco 20 × 10 mm | C24: =Itens!F23 -> Reserva | D24: =Itens!G23 -> Não | E24: =Itens!H23 -> 1 | F24: =Itens!K23 -> 24.87 | G24: =Itens!L23 -> 24.87 | H24: =Itens!M23 -> Ímã de Neodímio | I24: https://www.imadeneodimio.com/ima-de-neodimio-disco-20mm-x-10mm-n42
B25: =Itens!B25 -> Módulo relé 3,3 V 10 A, 1 canal, com optoacoplador | C25: =Itens!F25 -> Alternativa | D25: =Itens!G25 -> Não | E25: =Itens!H25 -> 1 | F25: =Itens!K25 -> 13.59 | G25: =Itens!L25 -> 14.3 | H25: =Itens!M25 -> Usinainfo | I25: https://www.usinainfo.com.br/rele-arduino/modulo-rele-3v-10a-1-canal-com-optoacoplador-para-esp32-5997.html
A27: TG-400 Indicação | B27: Subtotal do grupo | F27: =SUMIFS(Itens!$K$5:$K$31,Itens!$D$5:$D$31,A27,Itens!$G$5:$G$31,"Sim") -> 7.78 | G27: =SUMIFS(Itens!$L$5:$L$31,Itens!$D$5:$D$31,A27,Itens!$G$5:$G$31,"Sim") -> 8.19
B28: =Itens!B9 -> Semáforo LED 3,3 V/5 V 8 mm (S3) | C28: =Itens!F9 -> Pedido | D28: =Itens!G9 -> Sim | E28: =Itens!H9 -> 1 | F28: =Itens!K9 -> 7.78 | G28: =Itens!L9 -> 8.19 | H28: =Itens!M9 -> Usinainfo | I28: https://www.usinainfo.com.br/outros-modulos-arduino/semaforo-led-33v5v-8mm-s3-5466.html
A30: TG-500 Controle e energia | B30: Subtotal do grupo | F30: =SUMIFS(Itens!$K$5:$K$31,Itens!$D$5:$D$31,A30,Itens!$G$5:$G$31,"Sim") -> 264.03 | G30: =SUMIFS(Itens!$L$5:$L$31,Itens!$D$5:$D$31,A30,Itens!$G$5:$G$31,"Sim") -> 280.39
B31: =Itens!B5 -> Placa ESP32 DevKit V1 30 pinos, USB-C, CP2102 | C31: =Itens!F5 -> Pedido | D31: =Itens!G5 -> Sim | E31: =Itens!H5 -> 1 | F31: =Itens!K5 -> 56.81 | G31: =Itens!L5 -> 59.8 | H31: =Itens!M5 -> Usinainfo | I31: https://www.usinainfo.com.br/esp32/esp32-wifi-e-bluetooth-com-usb-c-30-pinos-e-cp2102-9114.html
B32: =Itens!B6 -> Expansor para ESP32 DevKit V1 30 pinos (USB-C e micro USB) | C32: =Itens!F6 -> Pedido | D32: =Itens!G6 -> Sim | E32: =Itens!H6 -> 1 | F32: =Itens!K6 -> 21.19 | G32: =Itens!L6 -> 22.3 | H32: =Itens!M6 -> Usinainfo | I32: https://www.usinainfo.com.br/expansores-shields/expansor-para-esp32-devkit-v1-30-pinos-usb-c-e-micro-8795.html
B33: =Itens!B8 -> Módulo chave fim de curso | C33: =Itens!F8 -> Pedido | D33: =Itens!G8 -> Sim | E33: =Itens!H8 -> 2 | F33: =Itens!K8 -> 9.58 | G33: =Itens!L8 -> 10.08 | H33: =Itens!M8 -> Usinainfo | I33: https://www.usinainfo.com.br/sensor-de-vibracao/modulo-chave-fim-curso-sensor-de-impacto-para-projetos-4618.html
B34: =Itens!B11 -> Jumper fêmea-fêmea 20 cm, kit com 20 | C34: =Itens!F11 -> Pedido | D34: =Itens!G11 -> Sim | E34: =Itens!H11 -> 1 | F34: =Itens!K11 -> 5.79 | G34: =Itens!L11 -> 6.09 | H34: =Itens!M11 -> Usinainfo | I34: https://www.usinainfo.com.br/jumper/jumper-premium-para-protoboard-femea-femea-20cm-kit-c-20-pecas-2612.html
B35: =Itens!B12 -> Jumper macho-fêmea 20 cm, kit com 20 | C35: =Itens!F12 -> Pedido | D35: =Itens!G12 -> Sim | E35: =Itens!H12 -> 1 | F35: =Itens!K12 -> 5.79 | G35: =Itens!L12 -> 6.09 | H35: =Itens!M12 -> Usinainfo | I35: https://www.usinainfo.com.br/jumper/jumper-premium-para-protoboard-macho-femea-20cm-kit-c-20-pecas-2314.html
B36: =Itens!B13 -> Capacitor eletrolítico 1000 µF 16 V | C36: =Itens!F13 -> Pedido | D36: =Itens!G13 -> Sim | E36: =Itens!H13 -> 1 | F36: =Itens!K13 -> 1.94 | G36: =Itens!L13 -> 2.04 | H36: =Itens!M13 -> Usinainfo | I36: https://www.usinainfo.com.br/capacitor-eletrolitico/capacitor-eletrolitico-1000uf-16v-3052.html
B37: =Itens!B15 -> Power bank Basike 10.000 mAh 22,5 W, com visor e cabos embutidos | C37: =Itens!F15 -> Pedido | D37: =Itens!G15 -> Sim | E37: =Itens!H15 -> 1 | F37: =Itens!K15 -> 95 | G37: =Itens!L15 -> 95 | H37: =Itens!M15 -> Amazon | I37: https://www.amazon.com.br/dp/B0DHVLRFGD
B38: =Itens!B17 -> Receptor de carga sem fio Qi universal, USB-C | C38: =Itens!F17 -> Pedido | D38: =Itens!G17 -> Sim | E38: =Itens!H17 -> 1 | F38: =Itens!K17 -> 67.93 | G38: =Itens!L17 -> 78.99 | H38: =Itens!M17 -> Magazine Luiza | I38: https://www.magazineluiza.com.br/adaptador-sem-fio-wireless-qi-inducao-receptor-universal-tipo-c-brasil-home/p/gkj66889f8/in/usba/
B39: =Itens!B26 -> Regulador step-up MT3608 (2,5 V a 28 V, 2 A) | C39: =Itens!F26 -> Alternativa | D39: =Itens!G26 -> Não | E39: =Itens!H26 -> 1 | F39: =Itens!K26 -> 7.55 | G39: =Itens!L26 -> 7.95 | H39: =Itens!M26 -> Usinainfo | I39: https://www.usinainfo.com.br/regulador-de-tensao/regulador-de-tensao-ajustavel-mt3608-step-up-saida-25v-a-28vdc-2a-4489.html
A41: Base de recarga (fora do dispositivo) | B41: Subtotal do grupo | F41: =SUMIFS(Itens!$K$5:$K$31,Itens!$D$5:$D$31,A41,Itens!$G$5:$G$31,"Sim") -> 30.74 | G41: =SUMIFS(Itens!$L$5:$L$31,Itens!$D$5:$D$31,A41,Itens!$G$5:$G$31,"Sim") -> 30.74
B42: =Itens!B18 -> Carregador por indução 15 W Lelong LE-520, com cabo USB-C | C42: =Itens!F18 -> Pedido | D42: =Itens!G18 -> Sim | E42: =Itens!H18 -> 1 | F42: =Itens!K18 -> 30.74 | G42: =Itens!L18 -> 30.74 | H42: =Itens!M18 -> Magazine Luiza | I42: https://www.magazineluiza.com.br/carregador-por-inducao-15w-sem-fio-usb-acompanha-cabo-usb-c-le520-lelong/p/ke9dh49dk3/te/accp/
A44: Peças impressas (TG-100, TG-200, TG-300) | B44: Subtotal do grupo | F44: =SUMIFS(Itens!$K$5:$K$31,Itens!$D$5:$D$31,A44,Itens!$G$5:$G$31,"Sim") -> 89.9 | G44: =SUMIFS(Itens!$L$5:$L$31,Itens!$D$5:$D$31,A44,Itens!$G$5:$G$31,"Sim") -> 97.09
B45: =Itens!B19 -> Filamento PLA preto 1,75 mm, 1 kg | C45: =Itens!F19 -> Pedido | D45: =Itens!G19 -> Sim | E45: =Itens!H19 -> 1 | F45: =Itens!K19 -> 89.9 | G45: =Itens!L19 -> 97.09 | H45: =Itens!M19 -> 3D Fila | I45: https://3dfila.com.br/produto/filamento-pla-preto/
A47: Identificação (a decidir) | B47: Subtotal do grupo | F47: =SUMIFS(Itens!$K$5:$K$31,Itens!$D$5:$D$31,A47,Itens!$G$5:$G$31,"Sim") -> 0 | G47: =SUMIFS(Itens!$L$5:$L$31,Itens!$D$5:$D$31,A47,Itens!$G$5:$G$31,"Sim") -> 0
B48: =Itens!B20 -> Etiqueta NFC NTAG215 regravável, kit com 10 | C48: =Itens!F20 -> Opcional | D48: =Itens!G20 -> Não | E48: =Itens!H20 -> 1 | F48: =Itens!K20 -> 23.9 | G48: =Itens!L20 -> 23.9 | H48: =Itens!M20 -> Amazon | I48: https://www.amazon.com.br/dp/B0CKTK9HSJ
B50: Total dos itens marcados "Sim" | F50: =SUMIFS(Itens!$K$5:$K$31,Itens!$G$5:$G$31,"Sim") -> 525.81 | G50: =SUMIFS(Itens!$L$5:$L$31,Itens!$G$5:$G$31,"Sim") -> 552.38

Sheet Considerados e descartados
A1: Produtos que a equipe considerou e não vai comprar
A3: Produto | B3: Loja | C3: Preço Pix | D3: Link | E3: Por que ficou de fora
A4: Display TFT 1,3" 240 × 240 ST7789 | B4: Smartkits | C4: 34.9 | D4: https://www.smartkits.com.br/display-tft-ips-lcd-240x240-1-3-spi-st7789-colorido-rgb | E4: A tela saiu do projeto: o QR é fixo, colado na tampa
A5: Power bank Ugreen Mini 5.000 mAh, conector USB-C | B5: KaBuM (Boya Brasil) | C5: 212.79 | D5: https://www.kabum.com.br/produto/819532 | E5: Encurtaria a caixa, mas custa mais que o dobro do Basike de 10.000 mAh
A6: Receptor Qi micro USB Comtac 9353 | B6: KaBuM (RAICROM) | C6: 24.9 | D6: https://www.kabum.com.br/produto/177521 | E6: A entrada do power bank escolhido é USB-C. Na Amazon está indisponível
A7: Jumpers fêmea-fêmea e macho-fêmea, 40 unidades | B7: Eletrogate | C7: 8.46 | D7: https://www.eletrogate.com/jumpers-femea-femea-40-unidades-de-20-cm | E7: Trocados pelos da Usinainfo para juntar o frete. A Eletrogate não mostrou frete para o CEP 05508-010
A8: Mini trava solenoide FE-91 12 V | B8: Eletrogate | C8: 46.46 | D8: https://www.eletrogate.com/mini-trava-eletrica-solenoide | E8: A mesma trava sai mais barata na Usinainfo
A9: Mini trava solenoide JF-0520B 12 V | B9: Usinainfo | C9: 46.17 | D9: https://www.usinainfo.com.br/mini-fechadura-eletrica-solenoide/mini-solenoide-12v-nf-tipo-tranca-jf-0520b-5246.html | E9: Mais cara que a FEC-91, mesma função
A10: Mini solenoide 5 V JF-0530B | B10: Fermarc | C10: 36.76 | D10: https://www.fermarc.com/mini-solenoide-5v-jf-0530b | E10: Puxa 2 A para fazer 5 N: fraco e consome a bateria inteira
A11: Travas magnéticas avulsas (B07GZH682Y) | B11: Amazon | D11: https://www.amazon.com.br/dp/B07GZH682Y | E11: São fechos de porta de armário, não servem
A12: Eletroímã 5 V ou 12 V | B12: Eletrogate / Baú | D12: https://www.eletrogate.com/eletroima-solenoide-12v-dc-25kg | E12: Abre quando a bateria acaba e consome energia o tempo todo
A13: Carregador Lelong LE-520 (outra loja) | B13: Paraíso dos Eletrônicos | C13: 26.99 | D13: https://paraisodoseletronicos.com.br/produto/carregador-portatil-wireless-rapido-por-inducao-15w-alta-velocidade-le520/ | E13: Alternativa ao Magalu, R$ 3,75 mais barata. Frete não conferido

Sheet Notas
A1: Premissas e observações
A3: Data dos preços | B3: 14/10/2026. Preços mudam: conferir no dia do pedido.
A4: CEP usado no frete | B4: 05508-010 (Poli-USP, Butantã, São Paulo-SP). Trocar se a entrega for em outro endereço.
A5: Pix/boleto e cartão | B5: Usinainfo dá 5% no Pix/boleto. Na Amazon e no 3D Fila o preço de cartão difere pouco. Totais nas duas formas.
A6: Variantes | B6: Variante A (embreagem e ímãs) precisa das etiquetas e dos ímãs. Variante B (lingueta com mola) dispensa os dois e usa uma mola de caneta. O pedido traz os itens da A porque o teste dela decide o projeto.
A7: Primeiro teste | B7: Etiquetas + ímãs: ver se três ímãs empilhados abrem a embreagem. Power bank + ESP32: ver se o power bank não desliga sozinho.
A8: Etiquetas | B8: O anúncio da Amazon tem 1 em estoque e vem do exterior (28/10 a 04/11). Alternativa: kit de 100 mini tags no Mercado Livre por cerca de R$ 150 (preço de trecho de busca).
A9: Fretes não calculados | B9: Amazon: confirmar no carrinho. Magazine Luiza: estimativa da região de Osasco, sem o CEP exato. 3D Fila e lojas de itens "Se não tiver": a cotar.
A10: Preços de trecho de busca | B10: Itens com "Trecho de busca" na coluna Origem do preço não tiveram a página aberta. Conferir antes de pedir.
A11: Ferramentas (a equipe já deve ter) | B11: Serrinha, óculos de proteção, chave Philips pequena, paquímetro ou régua, lixa fina, estilete, alicate de bico, notebook, cabo USB-C de dados.
A12: De casa | B12: Um pregador de roupa (mola da garra) e uma caneta com mola (variante B).
